<?xml version="1.0" encoding="UTF-8"?>
<project-private xmlns="http://www.netbeans.org/ns/project-private/1">
    <editor-bookmarks xmlns="http://www.netbeans.org/ns/editor-bookmarks/2" lastBookmarkId="0"/>
    <open-files xmlns="http://www.netbeans.org/ns/projectui-open-files/2">
        <group>
            <file>file:/Users/i_am_nimesh/Downloads/libbryy/2/LibraryManagementSystem/src/controller/BookController.java</file>
            <file>file:/Users/i_am_nimesh/Downloads/libbryy/2/LibraryManagementSystem/src/controller/util/CommonUtils.java</file>
            <file>file:/Users/i_am_nimesh/Downloads/libbryy/2/LibraryManagementSystem/src/View/JframeBook.java</file>
        </group>
    </open-files>
</project-private>
